star,temperature,luminosity
Sun,5800,1.00
Alpha Centauri A,5800,1.5
Alpha Centauri B,4200,0.33
Alpha Centauri C,2800,0.0001
Wolf 359,2700,0.00003
Lalande 21185,3200,0.0055
Sirius A,10400,23.0
Luyten 726-8 A,2700,0.00006
Luyten 726-8 B,2700,0.00002
Ross 154,2800,0.00041